time [s];swlx [m];swly [m];swlz [m];pos0x [m];pos0y [m];pos0z [m];pos2x [m];pos2y [m];pos2z [m]
0.000000;0.01;0.15;0;0.01;0.15;0;0.01;0.15;0.4
0.010076;0.01;0.15;0;0.01;0.15;0;0.01;0.15;0.4
0.020032;0.01;0.15;0;0.01;0.15;0;0.01;0.15;0.4
0.030050;0.01;0.15;0;0.01;0.15;0;0.01;0.15;0.4
0.040042;0.01;0.15;0;0.01;0.15;0;0.01;0.15;0.4
0.050090;0.01;0.15;0;0.01;0.15;0;0.01;0.15;0.4
0.060044;0.01;0.15;0;0.01;0.15;0;0.01;0.15;0.4
0.070023;0.01;0.15;0;0.01;0.15;0;0.01;0.15;0.4
0.080118;0.01;0.15;0;0.01;0.15;0;0.01;0.15;0.4
0.090062;0.01;0.15;0;0.01;0.15;0;0.01;0.15;0.4
0.100069;0.01;0.15;0;0.01;0.15;0;0.01;0.15;0.4
0.110003;0.01;0.15;0;0.01;0.15;0;0.01;0.15;0.4
0.120024;0.01;0.15;0;0.01;0.15;0;0.01;0.15;0.4
0.130091;0.01;0.15;0;0.01;0.15;0;0.01;0.15;0.4
0.140006;0.01;0.15;0;0.01;0.15;0;0.01;0.15;0.4
0.150033;0.01;0.15;0;0.01;0.15;0;0.01;0.15;0.4
0.160022;0.01;0.15;0;0.01;0.15;0;0.01;0.15;0.4
0.170023;0.01;0.15;0;0.01;0.15;0;0.01;0.15;0.4
0.180058;0.01;0.15;0;0.01;0.15;0;0.01;0.15;0.4
0.190117;0.01;0.15;0;0.01;0.15;0;0.01;0.15;0.4
0.200078;0.01;0.15;0;0.01;0.15;0;0.01;0.15;0.4
0.210069;0.01;0.15;0;0.01;0.15;0;0.01;0.15;0.4
0.220038;0.01;0.15;0;0.01;0.15;0;0.01;0.15;0.4
0.230118;0.01;0.15;0;0.01;0.15;0;0.01;0.15;0.4
0.240071;0.01;0.15;0;0.01;0.15;0;0.01;0.15;0.4
0.250066;0.01;0.15;0;0.01;0.15;0;0.01;0.15;0.4
0.260032;0.01;0.15;0;0.01;0.15;0;0.01;0.15;0.4
0.270074;0.01;0.15;0;0.01;0.15;0;0.01;0.15;0.4
0.280062;0.01;0.15;0;0.01;0.15;0;0.01;0.15;0.4
0.290055;0.01;0.15;0;0.01;0.15;0;0.01;0.15;0.4
0.300022;0.01;0.15;0;0.01;0.15;0;0.01;0.15;0.4
0.310100;0.01;0.15;0;0.01;0.15;0;0.01;0.15;0.4
0.320098;0.01;0.15;0;0.01;0.15;0;0.01;0.15;0.4
0.330030;0.01;0.15;0;0.01;0.15;0;0.01;0.15;0.4
0.340083;0.01;0.15;0;0.01;0.15;0;0.01;0.15;0.4
0.350104;0.01;0.15;0;0.01;0.15;0;0.01;0.15;0.4
0.360051;0.01;0.15;0;0.01;0.15;0;0.01;0.15;0.4
0.370011;0.01;0.15;0;0.01;0.15;0;0.01;0.15;0.4
0.380117;0.01;0.15;0;0.01;0.15;0;0.01;0.15;0.4
0.390022;0.01;0.15;0;0.01;0.15;0;0.01;0.15;0.4
0.400057;0.01;0.15;0;0.01;0.15;0;0.01;0.15;0.4
0.410084;0.01;0.15;0;0.01;0.15;0;0.01;0.15;0.4
0.420103;0.01;0.15;0;0.01;0.15;0;0.01;0.15;0.4
0.430008;0.01;0.15;0;0.01;0.15;0;0.01;0.15;0.4
0.440007;0.01;0.15;0;0.01;0.15;0;0.01;0.15;0.4
0.450070;0.01;0.15;0;0.01;0.15;0;0.01;0.15;0.4
0.460026;0.01;0.15;0;0.01;0.15;0;0.01;0.15;0.4
0.470044;0.01;0.15;0;0.01;0.15;0;0.01;0.15;0.4
0.480031;0.01;0.15;0;0.01;0.15;0;0.01;0.15;0.4
0.490053;0.01;0.15;0;0.01;0.15;0;0.01;0.15;0.4
0.500040;0.01;0.15;0;0.01;0.15;0;0.01;0.15;0.4
0.510041;0.01;0.15;0;0.01;0.15;0;0.01;0.15;0.4
0.520029;0.01;0.15;0;0.01;0.15;0;0.01;0.15;0.4
0.530118;0.01;0.15;0;0.01;0.15;0;0.01;0.15;0.4
0.540030;0.01;0.15;0;0.01;0.15;0;0.01;0.15;0.4
0.550023;0.01;0.15;0;0.01;0.15;0;0.01;0.15;0.4
0.560064;0.01;0.15;0;0.01;0.15;0;0.01;0.15;0.4
0.570093;0.01;0.15;0;0.01;0.15;0;0.01;0.15;0.4
0.580109;0.01;0.15;0;0.01;0.15;0;0.01;0.15;0.4
0.590087;0.01;0.15;0;0.01;0.15;0;0.01;0.15;0.4
0.600010;0.01;0.15;0;0.01;0.15;0;0.01;0.15;0.4
0.610051;0.01;0.15;0;0.01;0.15;0;0.01;0.15;0.4
0.620042;0.01;0.15;0;0.01;0.15;0;0.01;0.15;0.4
0.630063;0.01;0.15;0;0.01;0.15;0;0.01;0.15;0.4
0.640094;0.01;0.15;0;0.01;0.15;0;0.01;0.15;0.4
0.650050;0.01;0.15;0;0.01;0.15;0;0.01;0.15;0.4
0.660050;0.01;0.15;0;0.01;0.15;0;0.01;0.15;0.4
0.670096;0.01;0.15;0;0.01;0.15;0;0.01;0.15;0.4
0.680040;0.01;0.15;0;0.01;0.15;0;0.01;0.15;0.4
0.690037;0.01;0.15;0;0.01;0.15;0;0.01;0.15;0.4
0.700103;0.01;0.15;0;0.01;0.15;0;0.01;0.15;0.4
0.710059;0.01;0.15;0;0.01;0.15;0;0.01;0.15;0.4
0.720030;0.01;0.15;0;0.01;0.15;0;0.01;0.15;0.4
0.730082;0.01;0.15;0;0.01;0.15;0;0.01;0.15;0.4
0.740063;0.01;0.15;0;0.01;0.15;0;0.01;0.15;0.4
0.750095;0.01;0.15;0;0.01;0.15;0;0.01;0.15;0.4
0.760080;0.01;0.15;0;0.01;0.15;0;0.01;0.15;0.4
0.770042;0.01;0.15;0;0.01;0.15;0;0.01;0.15;0.4
0.780062;0.01;0.15;0;0.01;0.15;0;0.01;0.15;0.4
0.790033;0.01;0.15;0;0.01;0.15;0;0.01;0.15;0.4
0.800037;0.01;0.15;0;0.01;0.15;0;0.01;0.15;0.4
0.810011;0.01;0.15;0;0.01;0.15;0;0.01;0.15;0.4
0.820082;0.01;0.15;0;0.01;0.15;0;0.01;0.15;0.4
0.830028;0.01;0.15;0;0.01;0.15;0;0.01;0.15;0.4
0.840074;0.01;0.15;0;0.01;0.15;0;0.01;0.15;0.4
0.850038;0.01;0.15;0;0.01;0.15;0;0.01;0.15;0.4
0.860047;0.01;0.15;0;0.01;0.15;0;0.01;0.15;0.4
0.870053;0.01;0.15;0;0.01;0.15;0;0.01;0.15;0.4
0.880093;0.01;0.15;0;0.01;0.15;0;0.01;0.15;0.4
0.890049;0.01;0.15;0;0.01;0.15;0;0.01;0.15;0.4
0.900040;0.01;0.15;0;0.01;0.15;0;0.01;0.15;0.4
0.910014;0.01;0.15;0;0.01;0.15;0;0.01;0.15;0.4
0.920030;0.01;0.15;0;0.01;0.15;0;0.01;0.15;0.4
0.930093;0.01;0.15;0;0.01;0.15;0;0.01;0.15;0.4
0.940115;0.01;0.15;0;0.01;0.15;0;0.01;0.15;0.4
0.950023;0.01;0.15;0;0.01;0.15;0;0.01;0.15;0.4
0.960044;0.01;0.15;0;0.01;0.15;0;0.01;0.15;0.4
0.970079;0.01;0.15;0;0.01;0.15;0;0.01;0.15;0.4
0.980087;0.01;0.15;0;0.01;0.15;0;0.01;0.15;0.4
0.990017;0.01;0.15;0;0.01;0.15;0;0.01;0.15;0.4
1.000006;0.01;0.15;0;0.01;0.15;0;0.01;0.15;0.4
1.010016;0.01;0.15;0;0.01;0.15;0;0.01;0.15;0.4
1.020090;0.01;0.15;0;0.01;0.15;0;0.01;0.15;0.4
1.030066;0.01;0.15;0;0.01;0.15;0;0.01;0.15;0.4
1.040096;0.01;0.15;0;0.01;0.15;0;0.01;0.15;0.4
1.050052;0.01;0.15;0;0.01;0.15;0;0.01;0.15;0.4
1.060032;0.01;0.15;0;0.01;0.15;0;0.01;0.15;0.4
1.070071;0.01;0.15;0;0.01;0.15;0;0.01;0.15;0.4
1.080039;0.01;0.15;0;0.01;0.15;0;0.01;0.15;0.4
1.090005;0.01;0.15;0;0.01;0.15;0;0.01;0.15;0.4
1.100052;0.01;0.15;0;0.01;0.15;0;0.01;0.15;0.4
1.110016;0.01;0.15;0;0.01;0.15;0;0.01;0.15;0.4
1.120071;0.01;0.15;0;0.01;0.15;0;0.01;0.15;0.4
1.130014;0.01;0.15;0;0.01;0.15;0;0.01;0.15;0.4
1.140105;0.01;0.15;0;0.01;0.15;0;0.01;0.15;0.4
1.150040;0.01;0.15;0;0.01;0.15;0;0.01;0.15;0.4
1.160009;0.01;0.15;0;0.01;0.15;0;0.01;0.15;0.4
1.170006;0.01;0.15;0;0.01;0.15;0;0.01;0.15;0.4
1.180100;0.01;0.15;0;0.01;0.15;0;0.01;0.15;0.4
1.190010;0.01;0.15;0;0.01;0.15;0;0.01;0.15;0.4
1.200034;0.01;0.15;0;0.01;0.15;0;0.01;0.15;0.4
1.210111;0.01;0.15;0;0.01;0.15;0;0.01;0.15;0.4
1.220083;0.01;0.15;0;0.01;0.15;0;0.01;0.15;0.4
1.230053;0.01;0.15;0;0.01;0.15;0;0.01;0.15;0.4
1.240063;0.01;0.15;0;0.01;0.15;0;0.01;0.15;0.4
1.250082;0.01;0.15;0;0.01;0.15;0;0.01;0.15;0.4
1.260048;0.01;0.15;0;0.01;0.15;0;0.01;0.15;0.4
1.270065;0.01;0.15;0;0.01;0.15;0;0.01;0.15;0.4
1.280002;0.01;0.15;0;0.01;0.15;0;0.01;0.15;0.4
1.290063;0.01;0.15;0;0.01;0.15;0;0.01;0.15;0.4
1.300109;0.01;0.15;0;0.01;0.15;0;0.01;0.15;0.4
1.310004;0.01;0.15;0;0.01;0.15;0;0.01;0.15;0.4
1.320033;0.01;0.15;0;0.01;0.15;0;0.01;0.15;0.4
1.330041;0.01;0.15;0;0.01;0.15;0;0.01;0.15;0.4
1.340107;0.01;0.15;0;0.01;0.15;0;0.01;0.15;0.4
1.350063;0.01;0.15;0;0.01;0.15;0;0.01;0.15;0.4
1.360058;0.01;0.15;0;0.01;0.15;0;0.01;0.15;0.4
1.370086;0.01;0.15;0;0.01;0.15;0;0.01;0.15;0.4
1.380085;0.01;0.15;0;0.01;0.15;0;0.01;0.15;0.4
1.390015;0.01;0.15;0;0.01;0.15;0;0.01;0.15;0.4
1.400022;0.01;0.15;0;0.01;0.15;0;0.01;0.15;0.4
1.410068;0.01;0.15;0;0.01;0.15;0;0.01;0.15;0.4
1.420066;0.01;0.15;0;0.01;0.15;0;0.01;0.15;0.4
1.430035;0.01;0.15;0;0.01;0.15;0;0.01;0.15;0.4
1.440115;0.01;0.15;0;0.01;0.15;0;0.01;0.15;0.4
1.450098;0.01;0.15;0;0.01;0.15;0;0.01;0.15;0.4
1.460071;0.01;0.15;0;0.01;0.15;0;0.01;0.15;0.4
1.470019;0.01;0.15;0;0.01;0.15;0;0.01;0.15;0.4
1.480033;0.01;0.15;0;0.01;0.15;0;0.01;0.15;0.4
1.490083;0.01;0.15;0;0.01;0.15;0;0.01;0.15;0.4
1.500081;0.01;0.15;0;0.01;0.15;0;0.01;0.15;0.4
1.510039;0.01;0.15;0;0.01;0.15;0;0.01;0.15;0.4
1.520037;0.01;0.15;0;0.01;0.15;0;0.01;0.15;0.4
1.530091;0.01;0.15;0;0.01;0.15;0;0.01;0.15;0.4
1.540105;0.01;0.15;0;0.01;0.15;0;0.01;0.15;0.4
1.550048;0.01;0.15;0;0.01;0.15;0;0.01;0.15;0.4
1.560098;0.01;0.15;0;0.01;0.15;0;0.01;0.15;0.4
1.570017;0.01;0.15;0;0.01;0.15;0;0.01;0.15;0.4
1.580087;0.01;0.15;0;0.01;0.15;0;0.01;0.15;0.4
1.590082;0.01;0.15;0;0.01;0.15;0;0.01;0.15;0.4
1.600023;0.01;0.15;0;0.01;0.15;0;0.01;0.15;0.4
1.610016;0.01;0.15;0;0.01;0.15;0;0.01;0.15;0.4
1.620019;0.01;0.15;0;0.01;0.15;0;0.01;0.15;0.4
1.630047;0.01;0.15;0;0.01;0.15;0;0.01;0.15;0.4
1.640024;0.01;0.15;0;0.01;0.15;0;0.01;0.15;0.4
1.650072;0.01;0.15;0;0.01;0.15;0;0.01;0.15;0.4
1.660012;0.01;0.15;0;0.01;0.15;0;0.01;0.15;0.4
1.670040;0.01;0.15;0;0.01;0.15;0;0.01;0.15;0.4
1.680032;0.01;0.15;0;0.01;0.15;0;0.01;0.15;0.4
1.690108;0.01;0.15;0;0.01;0.15;0;0.01;0.15;0.4
1.700040;0.01;0.15;0;0.01;0.15;0;0.01;0.15;0.4
1.710068;0.01;0.15;0;0.01;0.15;0;0.01;0.15;0.4
1.720071;0.01;0.15;0;0.01;0.15;0;0.01;0.15;0.4
1.730097;0.01;0.15;0;0.01;0.15;0;0.01;0.15;0.4
1.740056;0.01;0.15;0;0.01;0.15;0;0.01;0.15;0.4
1.750067;0.01;0.15;0;0.01;0.15;0;0.01;0.15;0.4
1.760107;0.01;0.15;0;0.01;0.15;0;0.01;0.15;0.4
1.770026;0.01;0.15;0;0.01;0.15;0;0.01;0.15;0.4
1.780108;0.01;0.15;0;0.01;0.15;0;0.01;0.15;0.4
1.790086;0.01;0.15;0;0.01;0.15;0;0.01;0.15;0.4
1.800108;0.01;0.15;0;0.01;0.15;0;0.01;0.15;0.4
1.810076;0.01;0.15;0;0.01;0.15;0;0.01;0.15;0.4
1.820019;0.01;0.15;0;0.01;0.15;0;0.01;0.15;0.4
1.830014;0.01;0.15;0;0.01;0.15;0;0.01;0.15;0.4
1.840022;0.01;0.15;0;0.01;0.15;0;0.01;0.15;0.4
1.850056;0.01;0.15;0;0.01;0.15;0;0.01;0.15;0.4
1.860095;0.01;0.15;0;0.01;0.15;0;0.01;0.15;0.4
1.870046;0.01;0.15;0;0.01;0.15;0;0.01;0.15;0.4
1.880006;0.01;0.15;0;0.01;0.15;0;0.01;0.15;0.4
1.890001;0.01;0.15;0;0.01;0.15;0;0.01;0.15;0.4
1.900027;0.01;0.15;0;0.01;0.15;0;0.01;0.15;0.4
1.910012;0.01;0.15;0;0.01;0.15;0;0.01;0.15;0.4
1.920058;0.01;0.15;0;0.01;0.15;0;0.01;0.15;0.4
1.930104;0.01;0.15;0;0.01;0.15;0;0.01;0.15;0.4
1.940032;0.01;0.15;0;0.01;0.15;0;0.01;0.15;0.4
1.950072;0.01;0.15;0;0.01;0.15;0;0.01;0.15;0.4
1.960093;0.01;0.15;0;0.01;0.15;0;0.01;0.15;0.4
1.970047;0.01;0.15;0;0.01;0.15;0;0.01;0.15;0.4
1.980095;0.01;0.15;0;0.01;0.15;0;0.01;0.15;0.4
1.990002;0.01;0.15;0;0.01;0.15;0;0.01;0.15;0.4
2.000013;0.01;0.15;0;0.01;0.15;0;0.01;0.15;0.4
2.010020;0.01;0.15;0;0.01;0.15;0;0.01;0.15;0.4
2.020051;0.01;0.15;0;0.01;0.15;0;0.01;0.15;0.4
2.030076;0.01;0.15;0;0.01;0.15;0;0.01;0.15;0.4
2.040028;0.01;0.15;0;0.01;0.15;0;0.01;0.15;0.4
2.050056;0.01;0.15;0;0.01;0.15;0;0.01;0.15;0.4
2.060105;0.01;0.15;0;0.01;0.15;0;0.01;0.15;0.4
2.070068;0.01;0.15;0;0.01;0.15;0;0.01;0.15;0.4
2.080040;0.01;0.15;0;0.01;0.15;0;0.01;0.15;0.4
2.090000;0.01;0.15;0;0.01;0.15;0;0.01;0.15;0.4
2.100010;0.01;0.15;0;0.01;0.15;0;0.01;0.15;0.4
2.110096;0.01;0.15;0;0.01;0.15;0;0.01;0.15;0.4
2.120107;0.01;0.15;0;0.01;0.15;0;0.01;0.15;0.4
2.130110;0.01;0.15;0;0.01;0.15;0;0.01;0.15;0.4
2.140015;0.01;0.15;0;0.01;0.15;0;0.01;0.15;0.4
2.150041;0.01;0.15;0;0.01;0.15;0;0.01;0.15;0.4
2.160102;0.01;0.15;0;0.01;0.15;0;0.01;0.15;0.4
2.170090;0.01;0.15;0;0.01;0.15;0;0.01;0.15;0.4
2.180016;0.01;0.15;0;0.01;0.15;0;0.01;0.15;0.4
2.190094;0.01;0.15;0;0.01;0.15;0;0.01;0.15;0.4
2.200106;0.01;0.15;0;0.01;0.15;0;0.01;0.15;0.4
2.210074;0.01;0.15;0;0.01;0.15;0;0.01;0.15;0.4
2.220069;0.01;0.15;0;0.01;0.15;0;0.01;0.15;0.4
2.230082;0.01;0.15;0;0.01;0.15;0;0.01;0.15;0.4
2.240101;0.01;0.15;0;0.01;0.15;0;0.01;0.15;0.4
2.250050;0.01;0.15;0;0.01;0.15;0;0.01;0.15;0.4
2.260072;0.01;0.15;0;0.01;0.15;0;0.01;0.15;0.4
2.270111;0.01;0.15;0;0.01;0.15;0;0.01;0.15;0.4
2.280009;0.01;0.15;0;0.01;0.15;0;0.01;0.15;0.4
2.290106;0.01;0.15;0;0.01;0.15;0;0.01;0.15;0.4
2.300003;0.01;0.15;0;0.01;0.15;0;0.01;0.15;0.4
2.310073;0.01;0.15;0;0.01;0.15;0;0.01;0.15;0.4
2.320090;0.01;0.15;0;0.01;0.15;0;0.01;0.15;0.4
2.330064;0.01;0.15;0;0.01;0.15;0;0.01;0.15;0.4
2.340083;0.01;0.15;0;0.01;0.15;0;0.01;0.15;0.4
2.350076;0.01;0.15;0;0.01;0.15;0;0.01;0.15;0.4
2.360047;0.01;0.15;0;0.01;0.15;0;0.01;0.15;0.4
2.370071;0.01;0.15;0;0.01;0.15;0;0.01;0.15;0.4
2.380021;0.01;0.15;0;0.01;0.15;0;0.01;0.15;0.4
2.390003;0.01;0.15;0;0.01;0.15;0;0.01;0.15;0.4
2.400006;0.01;0.15;0;0.01;0.15;0;0.01;0.15;0.4
2.410066;0.01;0.15;0;0.01;0.15;0;0.01;0.15;0.4
2.420054;0.01;0.15;0;0.01;0.15;0;0.01;0.15;0.4
2.430023;0.01;0.15;0;0.01;0.15;0;0.01;0.15;0.4
2.440022;0.01;0.15;0;0.01;0.15;0;0.01;0.15;0.4
2.450103;0.01;0.15;0;0.01;0.15;0;0.01;0.15;0.4
2.460049;0.01;0.15;0;0.01;0.15;0;0.01;0.15;0.4
2.470076;0.01;0.15;0;0.01;0.15;0;0.01;0.15;0.4
2.480090;0.01;0.15;0;0.01;0.15;0;0.01;0.15;0.4
2.490107;0.01;0.15;0;0.01;0.15;0;0.01;0.15;0.4
2.500030;0.01;0.15;0;0.01;0.15;0;0.01;0.15;0.4
2.510100;0.01;0.15;0;0.01;0.15;0;0.01;0.15;0.4
2.520106;0.01;0.15;0;0.01;0.15;0;0.01;0.15;0.4
2.530095;0.01;0.15;0;0.01;0.15;0;0.01;0.15;0.4
2.540058;0.01;0.15;0;0.01;0.15;0;0.01;0.15;0.4
2.550015;0.01;0.15;0;0.01;0.15;0;0.01;0.15;0.4
2.560022;0.01;0.15;0;0.01;0.15;0;0.01;0.15;0.4
2.570000;0.01;0.15;0;0.01;0.15;0;0.01;0.15;0.4
2.580047;0.01;0.15;0;0.01;0.15;0;0.01;0.15;0.4
2.590089;0.01;0.15;0;0.01;0.15;0;0.01;0.15;0.4
2.600037;0.01;0.15;0;0.01;0.15;0;0.01;0.15;0.4
2.610089;0.01;0.15;0;0.01;0.15;0;0.01;0.15;0.4
2.620008;0.01;0.15;0;0.01;0.15;0;0.01;0.15;0.4
2.630030;0.01;0.15;0;0.01;0.15;0;0.01;0.15;0.4
2.640054;0.01;0.15;0;0.01;0.15;0;0.01;0.15;0.4
2.650065;0.01;0.15;0;0.01;0.15;0;0.01;0.15;0.4
2.660089;0.01;0.15;0;0.01;0.15;0;0.01;0.15;0.4
2.670049;0.01;0.15;0;0.01;0.15;0;0.01;0.15;0.4
2.680091;0.01;0.15;0;0.01;0.15;0;0.01;0.15;0.4
2.690100;0.01;0.15;0;0.01;0.15;0;0.01;0.15;0.4
2.700049;0.01;0.15;0;0.01;0.15;0;0.01;0.15;0.4
2.710021;0.01;0.15;0;0.01;0.15;0;0.01;0.15;0.4
2.720109;0.01;0.15;0;0.01;0.15;0;0.01;0.15;0.4
2.730007;0.01;0.15;0;0.01;0.15;0;0.01;0.15;0.4
2.740089;0.01;0.15;0;0.01;0.15;0;0.01;0.15;0.4
2.750056;0.01;0.15;0;0.01;0.15;0;0.01;0.15;0.4
2.760094;0.01;0.15;0;0.01;0.15;0;0.01;0.15;0.4
2.770026;0.01;0.15;0;0.01;0.15;0;0.01;0.15;0.4
2.780079;0.01;0.15;0;0.01;0.15;0;0.01;0.15;0.4
2.790111;0.01;0.15;0;0.01;0.15;0;0.01;0.15;0.4
2.800064;0.01;0.15;0;0.01;0.15;0;0.01;0.15;0.4
2.810042;0.01;0.15;0;0.01;0.15;0;0.01;0.15;0.4
2.820093;0.01;0.15;0;0.01;0.15;0;0.01;0.15;0.4
2.830020;0.01;0.15;0;0.01;0.15;0;0.01;0.15;0.4
2.840012;0.01;0.15;0;0.01;0.15;0;0.01;0.15;0.4
2.850033;0.01;0.15;0;0.01;0.15;0;0.01;0.15;0.4
2.860001;0.01;0.15;0;0.01;0.15;0;0.01;0.15;0.4
2.870005;0.01;0.15;0;0.01;0.15;0;0.01;0.15;0.4
2.880076;0.01;0.15;0;0.01;0.15;0;0.01;0.15;0.4
2.890067;0.01;0.15;0;0.01;0.15;0;0.01;0.15;0.4
2.900028;0.01;0.15;0;0.01;0.15;0;0.01;0.15;0.4
2.910028;0.01;0.15;0;0.01;0.15;0;0.01;0.15;0.4
2.920059;0.01;0.15;0;0.01;0.15;0;0.01;0.15;0.4
2.930070;0.01;0.15;0;0.01;0.15;0;0.01;0.15;0.4
2.940104;0.01;0.15;0;0.01;0.15;0;0.01;0.15;0.4
2.950004;0.01;0.15;0;0.01;0.15;0;0.01;0.15;0.4
2.960001;0.01;0.15;0;0.01;0.15;0;0.01;0.15;0.4
2.970055;0.01;0.15;0;0.01;0.15;0;0.01;0.15;0.4
2.980056;0.01;0.15;0;0.01;0.15;0;0.01;0.15;0.4
2.990074;0.01;0.15;0;0.01;0.15;0;0.01;0.15;0.4
3.000076;0.01;0.15;0;0.01;0.15;0;0.01;0.15;0.4
3.010077;0.01;0.15;0;0.01;0.15;0;0.01;0.15;0.4
3.020008;0.01;0.15;0;0.01;0.15;0;0.01;0.15;0.4
3.030078;0.01;0.15;0;0.01;0.15;0;0.01;0.15;0.4
3.040100;0.01;0.15;0;0.01;0.15;0;0.01;0.15;0.4
3.050103;0.01;0.15;0;0.01;0.15;0;0.01;0.15;0.4
3.060019;0.01;0.15;0;0.01;0.15;0;0.01;0.15;0.4
3.070077;0.01;0.15;0;0.01;0.15;0;0.01;0.15;0.4
3.080039;0.01;0.15;0;0.01;0.15;0;0.01;0.15;0.4
3.090045;0.01;0.15;0;0.01;0.15;0;0.01;0.15;0.4
3.100002;0.01;0.15;0;0.01;0.15;0;0.01;0.15;0.4
3.110010;0.01;0.15;0;0.01;0.15;0;0.01;0.15;0.4
3.120038;0.01;0.15;0;0.01;0.15;0;0.01;0.15;0.4
3.130065;0.01;0.15;0;0.01;0.15;0;0.01;0.15;0.4
3.140070;0.01;0.15;0;0.01;0.15;0;0.01;0.15;0.4
3.150073;0.01;0.15;0;0.01;0.15;0;0.01;0.15;0.4
3.160108;0.01;0.15;0;0.01;0.15;0;0.01;0.15;0.4
3.170087;0.01;0.15;0;0.01;0.15;0;0.01;0.15;0.4
3.180069;0.01;0.15;0;0.01;0.15;0;0.01;0.15;0.4
3.190056;0.01;0.15;0;0.01;0.15;0;0.01;0.15;0.4
3.200044;0.01;0.15;0;0.01;0.15;0;0.01;0.15;0.4
3.210043;0.01;0.15;0;0.01;0.15;0;0.01;0.15;0.4
3.220070;0.01;0.15;0;0.01;0.15;0;0.01;0.15;0.4
3.230072;0.01;0.15;0;0.01;0.15;0;0.01;0.15;0.4
3.240066;0.01;0.15;0;0.01;0.15;0;0.01;0.15;0.4
3.250031;0.01;0.15;0;0.01;0.15;0;0.01;0.15;0.4
3.260039;0.01;0.15;0;0.01;0.15;0;0.01;0.15;0.4
3.270091;0.01;0.15;0;0.01;0.15;0;0.01;0.15;0.4
3.280106;0.01;0.15;0;0.01;0.15;0;0.01;0.15;0.4
3.290089;0.01;0.15;0;0.01;0.15;0;0.01;0.15;0.4
3.300075;0.01;0.15;0;0.01;0.15;0;0.01;0.15;0.4
3.310061;0.01;0.15;0;0.01;0.15;0;0.01;0.15;0.4
3.320007;0.01;0.15;0;0.01;0.15;0;0.01;0.15;0.4
3.330044;0.01;0.15;0;0.01;0.15;0;0.01;0.15;0.4
3.340042;0.01;0.15;0;0.01;0.15;0;0.01;0.15;0.4
3.350088;0.01;0.15;0;0.01;0.15;0;0.01;0.15;0.4
3.360062;0.01;0.15;0;0.01;0.15;0;0.01;0.15;0.4
3.370061;0.01;0.15;0;0.01;0.15;0;0.01;0.15;0.4
3.380057;0.01;0.15;0;0.01;0.15;0;0.01;0.15;0.4
3.390036;0.01;0.15;0;0.01;0.15;0;0.01;0.15;0.4
3.400079;0.01;0.15;0;0.01;0.15;0;0.01;0.15;0.4
3.410087;0.01;0.15;0;0.01;0.15;0;0.01;0.15;0.4
3.420008;0.01;0.15;0;0.01;0.15;0;0.01;0.15;0.4
3.430064;0.01;0.15;0;0.01;0.15;0;0.01;0.15;0.4
3.440036;0.01;0.15;0;0.01;0.15;0;0.01;0.15;0.4
3.450094;0.01;0.15;0;0.01;0.15;0;0.01;0.15;0.4
3.460060;0.01;0.15;0;0.01;0.15;0;0.01;0.15;0.4
3.470058;0.01;0.15;0;0.01;0.15;0;0.01;0.15;0.4
3.480107;0.01;0.15;0;0.01;0.15;0;0.01;0.15;0.4
3.490095;0.01;0.15;0;0.01;0.15;0;0.01;0.15;0.4
3.500036;0.01;0.15;0;0.01;0.15;0;0.01;0.15;0.4
3.510078;0.01;0.15;0;0.01;0.15;0;0.01;0.15;0.4
3.520075;0.01;0.15;0;0.01;0.15;0;0.01;0.15;0.4
3.530060;0.01;0.15;0;0.01;0.15;0;0.01;0.15;0.4
3.540002;0.01;0.15;0;0.01;0.15;0;0.01;0.15;0.4
3.550036;0.01;0.15;0;0.01;0.15;0;0.01;0.15;0.4
3.560107;0.01;0.15;0;0.01;0.15;0;0.01;0.15;0.4
3.570027;0.01;0.15;0;0.01;0.15;0;0.01;0.15;0.4
3.580110;0.01;0.15;0;0.01;0.15;0;0.01;0.15;0.4
3.590052;0.01;0.15;0;0.01;0.15;0;0.01;0.15;0.4
3.600042;0.01;0.15;0;0.01;0.15;0;0.01;0.15;0.4
3.610052;0.01;0.15;0;0.01;0.15;0;0.01;0.15;0.4
3.620087;0.01;0.15;0;0.01;0.15;0;0.01;0.15;0.4
3.630015;0.01;0.15;0;0.01;0.15;0;0.01;0.15;0.4
3.640089;0.01;0.15;0;0.01;0.15;0;0.01;0.15;0.4
3.650035;0.01;0.15;0;0.01;0.15;0;0.01;0.15;0.4
3.660070;0.01;0.15;0;0.01;0.15;0;0.01;0.15;0.4
3.670088;0.01;0.15;0;0.01;0.15;0;0.01;0.15;0.4
3.680066;0.01;0.15;0;0.01;0.15;0;0.01;0.15;0.4
3.690060;0.01;0.15;0;0.01;0.15;0;0.01;0.15;0.4
3.700063;0.01;0.15;0;0.01;0.15;0;0.01;0.15;0.4
3.710018;0.01;0.15;0;0.01;0.15;0;0.01;0.15;0.4
3.720087;0.01;0.15;0;0.01;0.15;0;0.01;0.15;0.4
3.730063;0.01;0.15;0;0.01;0.15;0;0.01;0.15;0.4
3.740081;0.01;0.15;0;0.01;0.15;0;0.01;0.15;0.4
3.750098;0.01;0.15;0;0.01;0.15;0;0.01;0.15;0.4
3.760109;0.01;0.15;0;0.01;0.15;0;0.01;0.15;0.4
3.770041;0.01;0.15;0;0.01;0.15;0;0.01;0.15;0.4
3.780045;0.01;0.15;0;0.01;0.15;0;0.01;0.15;0.4
3.790078;0.01;0.15;0;0.01;0.15;0;0.01;0.15;0.4
3.800111;0.01;0.15;0;0.01;0.15;0;0.01;0.15;0.4
3.810081;0.01;0.15;0;0.01;0.15;0;0.01;0.15;0.4
3.820088;0.01;0.15;0;0.01;0.15;0;0.01;0.15;0.4
3.830014;0.01;0.15;0;0.01;0.15;0;0.01;0.15;0.4
3.840067;0.01;0.15;0;0.01;0.15;0;0.01;0.15;0.4
3.850104;0.01;0.15;0;0.01;0.15;0;0.01;0.15;0.4
3.860047;0.01;0.15;0;0.01;0.15;0;0.01;0.15;0.4
3.870067;0.01;0.15;0;0.01;0.15;0;0.01;0.15;0.4
3.880029;0.01;0.15;0;0.01;0.15;0;0.01;0.15;0.4
3.890011;0.01;0.15;0;0.01;0.15;0;0.01;0.15;0.4
3.900027;0.01;0.15;0;0.01;0.15;0;0.01;0.15;0.4
3.910021;0.01;0.15;0;0.01;0.15;0;0.01;0.15;0.4
3.920084;0.01;0.15;0;0.01;0.15;0;0.01;0.15;0.4
3.930043;0.01;0.15;0;0.01;0.15;0;0.01;0.15;0.4
3.940007;0.01;0.15;0;0.01;0.15;0;0.01;0.15;0.4
3.950063;0.01;0.15;0;0.01;0.15;0;0.01;0.15;0.4
3.960071;0.01;0.15;0;0.01;0.15;0;0.01;0.15;0.4
3.970079;0.01;0.15;0;0.01;0.15;0;0.01;0.15;0.4
3.980099;0.01;0.15;0;0.01;0.15;0;0.01;0.15;0.4
3.990094;0.01;0.15;0;0.01;0.15;0;0.01;0.15;0.4
4.000097;0.01;0.15;0;0.01;0.15;0;0.01;0.15;0.4
4.010102;0.01;0.15;0;0.01;0.15;0;0.01;0.15;0.4
4.020090;0.01;0.15;0;0.01;0.15;0;0.01;0.15;0.4
4.030047;0.01;0.15;0;0.01;0.15;0;0.01;0.15;0.4
4.040088;0.01;0.15;0;0.01;0.15;0;0.01;0.15;0.4
4.050051;0.01;0.15;0;0.01;0.15;0;0.01;0.15;0.4
4.060046;0.01;0.15;0;0.01;0.15;0;0.01;0.15;0.4
4.070054;0.01;0.15;0;0.01;0.15;0;0.01;0.15;0.4
4.080072;0.01;0.15;0;0.01;0.15;0;0.01;0.15;0.4
4.090048;0.01;0.15;0;0.01;0.15;0;0.01;0.15;0.4
4.100067;0.01;0.15;0;0.01;0.15;0;0.01;0.15;0.4
4.110015;0.01;0.15;0;0.01;0.15;0;0.01;0.15;0.4
4.120088;0.01;0.15;0;0.01;0.15;0;0.01;0.15;0.4
4.130062;0.01;0.15;0;0.01;0.15;0;0.01;0.15;0.4
4.140045;0.01;0.15;0;0.01;0.15;0;0.01;0.15;0.4
4.150109;0.01;0.15;0;0.01;0.15;0;0.01;0.15;0.4
4.160030;0.01;0.15;0;0.01;0.15;0;0.01;0.15;0.4
4.170101;0.01;0.15;0;0.01;0.15;0;0.01;0.15;0.4
4.180057;0.01;0.15;0;0.01;0.15;0;0.01;0.15;0.4
4.190002;0.01;0.15;0;0.01;0.15;0;0.01;0.15;0.4
4.200061;0.01;0.15;0;0.01;0.15;0;0.01;0.15;0.4
4.210071;0.01;0.15;0;0.01;0.15;0;0.01;0.15;0.4
4.220102;0.01;0.15;0;0.01;0.15;0;0.01;0.15;0.4
4.230110;0.01;0.15;0;0.01;0.15;0;0.01;0.15;0.4
4.240091;0.01;0.15;0;0.01;0.15;0;0.01;0.15;0.4
4.250025;0.01;0.15;0;0.01;0.15;0;0.01;0.15;0.4
4.260104;0.01;0.15;0;0.01;0.15;0;0.01;0.15;0.4
4.270054;0.01;0.15;0;0.01;0.15;0;0.01;0.15;0.4
4.280019;0.01;0.15;0;0.01;0.15;0;0.01;0.15;0.4
4.290003;0.01;0.15;0;0.01;0.15;0;0.01;0.15;0.4
4.300023;0.01;0.15;0;0.01;0.15;0;0.01;0.15;0.4
4.310002;0.01;0.15;0;0.01;0.15;0;0.01;0.15;0.4
4.320108;0.01;0.15;0;0.01;0.15;0;0.01;0.15;0.4
4.330012;0.01;0.15;0;0.01;0.15;0;0.01;0.15;0.4
4.340072;0.01;0.15;0;0.01;0.15;0;0.01;0.15;0.4
4.350015;0.01;0.15;0;0.01;0.15;0;0.01;0.15;0.4
4.360007;0.01;0.15;0;0.01;0.15;0;0.01;0.15;0.4
4.370022;0.01;0.15;0;0.01;0.15;0;0.01;0.15;0.4
4.380029;0.01;0.15;0;0.01;0.15;0;0.01;0.15;0.4
4.390061;0.01;0.15;0;0.01;0.15;0;0.01;0.15;0.4
4.400014;0.01;0.15;0;0.01;0.15;0;0.01;0.15;0.4
4.410020;0.01;0.15;0;0.01;0.15;0;0.01;0.15;0.4
4.420025;0.01;0.15;0;0.01;0.15;0;0.01;0.15;0.4
4.430115;0.01;0.15;0;0.01;0.15;0;0.01;0.15;0.4
4.440011;0.01;0.15;0;0.01;0.15;0;0.01;0.15;0.4
4.450030;0.01;0.15;0;0.01;0.15;0;0.01;0.15;0.4
4.460060;0.01;0.15;0;0.01;0.15;0;0.01;0.15;0.4
4.470072;0.01;0.15;0;0.01;0.15;0;0.01;0.15;0.4
4.480088;0.01;0.15;0;0.01;0.15;0;0.01;0.15;0.4
4.490034;0.01;0.15;0;0.01;0.15;0;0.01;0.15;0.4
4.500043;0.01;0.15;0;0.01;0.15;0;0.01;0.15;0.4
4.510038;0.01;0.15;0;0.01;0.15;0;0.01;0.15;0.4
4.520017;0.01;0.15;0;0.01;0.15;0;0.01;0.15;0.4
4.530073;0.01;0.15;0;0.01;0.15;0;0.01;0.15;0.4
4.540082;0.01;0.15;0;0.01;0.15;0;0.01;0.15;0.4
4.550023;0.01;0.15;0;0.01;0.15;0;0.01;0.15;0.4
4.560052;0.01;0.15;0;0.01;0.15;0;0.01;0.15;0.4
4.570026;0.01;0.15;0;0.01;0.15;0;0.01;0.15;0.4
4.580002;0.01;0.15;0;0.01;0.15;0;0.01;0.15;0.4
4.590001;0.01;0.15;0;0.01;0.15;0;0.01;0.15;0.4
4.600051;0.01;0.15;0;0.01;0.15;0;0.01;0.15;0.4
4.610050;0.01;0.15;0;0.01;0.15;0;0.01;0.15;0.4
4.620089;0.01;0.15;0;0.01;0.15;0;0.01;0.15;0.4
4.630105;0.01;0.15;0;0.01;0.15;0;0.01;0.15;0.4
4.640094;0.01;0.15;0;0.01;0.15;0;0.01;0.15;0.4
4.650008;0.01;0.15;0;0.01;0.15;0;0.01;0.15;0.4
4.660078;0.01;0.15;0;0.01;0.15;0;0.01;0.15;0.4
4.670055;0.01;0.15;0;0.01;0.15;0;0.01;0.15;0.4
4.680068;0.01;0.15;0;0.01;0.15;0;0.01;0.15;0.4
4.690024;0.01;0.15;0;0.01;0.15;0;0.01;0.15;0.4
4.700025;0.01;0.15;0;0.01;0.15;0;0.01;0.15;0.4
4.710065;0.01;0.15;0;0.01;0.15;0;0.01;0.15;0.4
4.720083;0.01;0.15;0;0.01;0.15;0;0.01;0.15;0.4
4.730071;0.01;0.15;0;0.01;0.15;0;0.01;0.15;0.4
4.740019;0.01;0.15;0;0.01;0.15;0;0.01;0.15;0.4
4.750049;0.01;0.15;0;0.01;0.15;0;0.01;0.15;0.4
4.760002;0.01;0.15;0;0.01;0.15;0;0.01;0.15;0.4
4.770099;0.01;0.15;0;0.01;0.15;0;0.01;0.15;0.4
4.780088;0.01;0.15;0;0.01;0.15;0;0.01;0.15;0.4
4.790096;0.01;0.15;0;0.01;0.15;0;0.01;0.15;0.4
4.800040;0.01;0.15;0;0.01;0.15;0;0.01;0.15;0.4
4.810067;0.01;0.15;0;0.01;0.15;0;0.01;0.15;0.4
4.820093;0.01;0.15;0;0.01;0.15;0;0.01;0.15;0.4
4.830076;0.01;0.15;0;0.01;0.15;0;0.01;0.15;0.4
4.840039;0.01;0.15;0;0.01;0.15;0;0.01;0.15;0.4
4.850108;0.01;0.15;0;0.01;0.15;0;0.01;0.15;0.4
4.860020;0.01;0.15;0;0.01;0.15;0;0.01;0.15;0.4
4.870017;0.01;0.15;0;0.01;0.15;0;0.01;0.15;0.4
4.880107;0.01;0.15;0;0.01;0.15;0;0.01;0.15;0.4
4.890112;0.01;0.15;0;0.01;0.15;0;0.01;0.15;0.4
4.900063;0.01;0.15;0;0.01;0.15;0;0.01;0.15;0.4
4.910095;0.01;0.15;0;0.01;0.15;0;0.01;0.15;0.4
4.920045;0.01;0.15;0;0.01;0.15;0;0.01;0.15;0.4
4.930044;0.01;0.15;0;0.01;0.15;0;0.01;0.15;0.4
4.940101;0.01;0.15;0;0.01;0.15;0;0.01;0.15;0.4
4.950013;0.01;0.15;0;0.01;0.15;0;0.01;0.15;0.4
4.960093;0.01;0.15;0;0.01;0.15;0;0.01;0.15;0.4
4.970040;0.01;0.15;0;0.01;0.15;0;0.01;0.15;0.4
4.980062;0.01;0.15;0;0.01;0.15;0;0.01;0.15;0.4
4.990061;0.01;0.15;0;0.01;0.15;0;0.01;0.15;0.4
5.000090;0.01;0.15;0;0.01;0.15;0;0.01;0.15;0.4
5.010016;0.01;0.15;0;0.01;0.15;0;0.01;0.15;0.4
5.020009;0.01;0.15;0;0.01;0.15;0;0.01;0.15;0.4
5.030029;0.01;0.15;0;0.01;0.15;0;0.01;0.15;0.4
5.040008;0.01;0.15;0;0.01;0.15;0;0.01;0.15;0.4
5.050103;0.01;0.15;0;0.01;0.15;0;0.01;0.15;0.4
5.060109;0.01;0.15;0;0.01;0.15;0;0.01;0.15;0.4
5.070075;0.01;0.15;0;0.01;0.15;0;0.01;0.15;0.4
5.080036;0.01;0.15;0;0.01;0.15;0;0.01;0.15;0.4
5.090054;0.01;0.15;0;0.01;0.15;0;0.01;0.15;0.4
5.100036;0.01;0.15;0;0.01;0.15;0;0.01;0.15;0.4
5.110002;0.01;0.15;0;0.01;0.15;0;0.01;0.15;0.4
5.120083;0.01;0.15;0;0.01;0.15;0;0.01;0.15;0.4
5.130018;0.01;0.15;0;0.01;0.15;0;0.01;0.15;0.4
5.140051;0.01;0.15;0;0.01;0.15;0;0.01;0.15;0.4
5.150077;0.01;0.15;0;0.01;0.15;0;0.01;0.15;0.4
5.160072;0.01;0.15;0;0.01;0.15;0;0.01;0.15;0.4
5.170051;0.01;0.15;0;0.01;0.15;0;0.01;0.15;0.4
5.180082;0.01;0.15;0;0.01;0.15;0;0.01;0.15;0.4
5.190090;0.01;0.15;0;0.01;0.15;0;0.01;0.15;0.4
5.200016;0.01;0.15;0;0.01;0.15;0;0.01;0.15;0.4
5.210073;0.01;0.15;0;0.01;0.15;0;0.01;0.15;0.4
5.220027;0.01;0.15;0;0.01;0.15;0;0.01;0.15;0.4
5.230060;0.01;0.15;0;0.01;0.15;0;0.01;0.15;0.4
5.240030;0.01;0.15;0;0.01;0.15;0;0.01;0.15;0.4
5.250109;0.01;0.15;0;0.01;0.15;0;0.01;0.15;0.4
5.260063;0.01;0.15;0;0.01;0.15;0;0.01;0.15;0.4
5.270044;0.01;0.15;0;0.01;0.15;0;0.01;0.15;0.4
5.280031;0.01;0.15;0;0.01;0.15;0;0.01;0.15;0.4
5.290105;0.01;0.15;0;0.01;0.15;0;0.01;0.15;0.4
5.300112;0.01;0.15;0;0.01;0.15;0;0.01;0.15;0.4
5.310019;0.01;0.15;0;0.01;0.15;0;0.01;0.15;0.4
5.320021;0.01;0.15;0;0.01;0.15;0;0.01;0.15;0.4
5.330014;0.01;0.15;0;0.01;0.15;0;0.01;0.15;0.4
5.340075;0.01;0.15;0;0.01;0.15;0;0.01;0.15;0.4
5.350050;0.01;0.15;0;0.01;0.15;0;0.01;0.15;0.4
5.360096;0.01;0.15;0;0.01;0.15;0;0.01;0.15;0.4
5.370062;0.01;0.15;0;0.01;0.15;0;0.01;0.15;0.4
5.380091;0.01;0.15;0;0.01;0.15;0;0.01;0.15;0.4
5.390095;0.01;0.15;0;0.01;0.15;0;0.01;0.15;0.4
5.400080;0.01;0.15;0;0.01;0.15;0;0.01;0.15;0.4
5.410049;0.01;0.15;0;0.01;0.15;0;0.01;0.15;0.4
5.420044;0.01;0.15;0;0.01;0.15;0;0.01;0.15;0.4
5.430043;0.01;0.15;0;0.01;0.15;0;0.01;0.15;0.4
5.440016;0.01;0.15;0;0.01;0.15;0;0.01;0.15;0.4
5.450041;0.01;0.15;0;0.01;0.15;0;0.01;0.15;0.4
5.460035;0.01;0.15;0;0.01;0.15;0;0.01;0.15;0.4
5.470106;0.01;0.15;0;0.01;0.15;0;0.01;0.15;0.4
5.480016;0.01;0.15;0;0.01;0.15;0;0.01;0.15;0.4
5.490006;0.01;0.15;0;0.01;0.15;0;0.01;0.15;0.4
5.500093;0.01;0.15;0;0.01;0.15;0;0.01;0.15;0.4
5.510113;0.01;0.15;0;0.01;0.15;0;0.01;0.15;0.4
5.520058;0.01;0.15;0;0.01;0.15;0;0.01;0.15;0.4
5.530086;0.01;0.15;0;0.01;0.15;0;0.01;0.15;0.4
5.540103;0.01;0.15;0;0.01;0.15;0;0.01;0.15;0.4
5.550030;0.01;0.15;0;0.01;0.15;0;0.01;0.15;0.4
5.560003;0.01;0.15;0;0.01;0.15;0;0.01;0.15;0.4
5.570079;0.01;0.15;0;0.01;0.15;0;0.01;0.15;0.4
5.580064;0.01;0.15;0;0.01;0.15;0;0.01;0.15;0.4
5.590064;0.01;0.15;0;0.01;0.15;0;0.01;0.15;0.4
5.600034;0.01;0.15;0;0.01;0.15;0;0.01;0.15;0.4
5.610098;0.01;0.15;0;0.01;0.15;0;0.01;0.15;0.4
5.620045;0.01;0.15;0;0.01;0.15;0;0.01;0.15;0.4
5.630105;0.01;0.15;0;0.01;0.15;0;0.01;0.15;0.4
5.640111;0.01;0.15;0;0.01;0.15;0;0.01;0.15;0.4
5.650101;0.01;0.15;0;0.01;0.15;0;0.01;0.15;0.4
5.660003;0.01;0.15;0;0.01;0.15;0;0.01;0.15;0.4
5.670037;0.01;0.15;0;0.01;0.15;0;0.01;0.15;0.4
5.680050;0.01;0.15;0;0.01;0.15;0;0.01;0.15;0.4
5.690044;0.01;0.15;0;0.01;0.15;0;0.01;0.15;0.4
5.700040;0.01;0.15;0;0.01;0.15;0;0.01;0.15;0.4
5.710026;0.01;0.15;0;0.01;0.15;0;0.01;0.15;0.4
5.720028;0.01;0.15;0;0.01;0.15;0;0.01;0.15;0.4
5.730077;0.01;0.15;0;0.01;0.15;0;0.01;0.15;0.4
5.740115;0.01;0.15;0;0.01;0.15;0;0.01;0.15;0.4
5.750013;0.01;0.15;0;0.01;0.15;0;0.01;0.15;0.4
5.760041;0.01;0.15;0;0.01;0.15;0;0.01;0.15;0.4
5.770109;0.01;0.15;0;0.01;0.15;0;0.01;0.15;0.4
5.780060;0.01;0.15;0;0.01;0.15;0;0.01;0.15;0.4
5.790001;0.01;0.15;0;0.01;0.15;0;0.01;0.15;0.4
5.800112;0.01;0.15;0;0.01;0.15;0;0.01;0.15;0.4
5.810057;0.01;0.15;0;0.01;0.15;0;0.01;0.15;0.4
5.820083;0.01;0.15;0;0.01;0.15;0;0.01;0.15;0.4
5.830031;0.01;0.15;0;0.01;0.15;0;0.01;0.15;0.4
5.840085;0.01;0.15;0;0.01;0.15;0;0.01;0.15;0.4
5.850070;0.01;0.15;0;0.01;0.15;0;0.01;0.15;0.4
5.860091;0.01;0.15;0;0.01;0.15;0;0.01;0.15;0.4
5.870087;0.01;0.15;0;0.01;0.15;0;0.01;0.15;0.4
5.880027;0.01;0.15;0;0.01;0.15;0;0.01;0.15;0.4
5.890113;0.01;0.15;0;0.01;0.15;0;0.01;0.15;0.4
5.900086;0.01;0.15;0;0.01;0.15;0;0.01;0.15;0.4
5.910012;0.01;0.15;0;0.01;0.15;0;0.01;0.15;0.4
5.920103;0.01;0.15;0;0.01;0.15;0;0.01;0.15;0.4
5.930095;0.01;0.15;0;0.01;0.15;0;0.01;0.15;0.4
5.940038;0.01;0.15;0;0.01;0.15;0;0.01;0.15;0.4
5.950100;0.01;0.15;0;0.01;0.15;0;0.01;0.15;0.4
5.960084;0.01;0.15;0;0.01;0.15;0;0.01;0.15;0.4
5.970086;0.01;0.15;0;0.01;0.15;0;0.01;0.15;0.4
5.980074;0.01;0.15;0;0.01;0.15;0;0.01;0.15;0.4
5.990055;0.01;0.15;0;0.01;0.15;0;0.01;0.15;0.4
6.000084;0.01;0.15;0;0.01;0.15;0;0.01;0.15;0.4
6.010039;0.01;0.15;0;0.01;0.15;0;0.01;0.15;0.4
6.020040;0.01;0.15;0;0.01;0.15;0;0.01;0.15;0.4
6.030046;0.01;0.15;0;0.01;0.15;0;0.01;0.15;0.4
6.040051;0.01;0.15;0;0.01;0.15;0;0.01;0.15;0.4
6.050056;0.01;0.15;0;0.01;0.15;0;0.01;0.15;0.4
6.060103;0.01;0.15;0;0.01;0.15;0;0.01;0.15;0.4
6.070046;0.01;0.15;0;0.01;0.15;0;0.01;0.15;0.4
6.080021;0.01;0.15;0;0.01;0.15;0;0.01;0.15;0.4
6.090035;0.01;0.15;0;0.01;0.15;0;0.01;0.15;0.4
6.100042;0.01;0.15;0;0.01;0.15;0;0.01;0.15;0.4
6.110107;0.01;0.15;0;0.01;0.15;0;0.01;0.15;0.4
6.120103;0.01;0.15;0;0.01;0.15;0;0.01;0.15;0.4
6.130017;0.01;0.15;0;0.01;0.15;0;0.01;0.15;0.4
6.140007;0.01;0.15;0;0.01;0.15;0;0.01;0.15;0.4
6.150080;0.01;0.15;0;0.01;0.15;0;0.01;0.15;0.4
6.160093;0.01;0.15;0;0.01;0.15;0;0.01;0.15;0.4
6.170076;0.01;0.15;0;0.01;0.15;0;0.01;0.15;0.4
6.180106;0.01;0.15;0;0.01;0.15;0;0.01;0.15;0.4
6.190076;0.01;0.15;0;0.01;0.15;0;0.01;0.15;0.4
6.200096;0.01;0.15;0;0.01;0.15;0;0.01;0.15;0.4
6.210050;0.01;0.15;0;0.01;0.15;0;0.01;0.15;0.4
6.220078;0.01;0.15;0;0.01;0.15;0;0.01;0.15;0.4
6.230007;0.01;0.15;0;0.01;0.15;0;0.01;0.15;0.4
6.240021;0.01;0.15;0;0.01;0.15;0;0.01;0.15;0.4
6.250103;0.01;0.15;0;0.01;0.15;0;0.01;0.15;0.4
6.260092;0.01;0.15;0;0.01;0.15;0;0.01;0.15;0.4
6.270064;0.01;0.15;0;0.01;0.15;0;0.01;0.15;0.4
6.280101;0.01;0.15;0;0.01;0.15;0;0.01;0.15;0.4
6.290091;0.01;0.15;0;0.01;0.15;0;0.01;0.15;0.4
6.300090;0.01;0.15;0;0.01;0.15;0;0.01;0.15;0.4
6.310007;0.01;0.15;0;0.01;0.15;0;0.01;0.15;0.4
6.320041;0.01;0.15;0;0.01;0.15;0;0.01;0.15;0.4
6.330016;0.01;0.15;0;0.01;0.15;0;0.01;0.15;0.4
6.340114;0.01;0.15;0;0.01;0.15;0;0.01;0.15;0.4
6.350085;0.01;0.15;0;0.01;0.15;0;0.01;0.15;0.4
6.360068;0.01;0.15;0;0.01;0.15;0;0.01;0.15;0.4
6.370100;0.01;0.15;0;0.01;0.15;0;0.01;0.15;0.4
6.380047;0.01;0.15;0;0.01;0.15;0;0.01;0.15;0.4
6.390105;0.01;0.15;0;0.01;0.15;0;0.01;0.15;0.4
6.400016;0.01;0.15;0;0.01;0.15;0;0.01;0.15;0.4
6.410083;0.01;0.15;0;0.01;0.15;0;0.01;0.15;0.4
6.420081;0.01;0.15;0;0.01;0.15;0;0.01;0.15;0.4
6.430101;0.01;0.15;0;0.01;0.15;0;0.01;0.15;0.4
6.440067;0.01;0.15;0;0.01;0.15;0;0.01;0.15;0.4
6.450084;0.01;0.15;0;0.01;0.15;0;0.01;0.15;0.4
6.460079;0.01;0.15;0;0.01;0.15;0;0.01;0.15;0.4
6.470077;0.01;0.15;0;0.01;0.15;0;0.01;0.15;0.4
6.480093;0.01;0.15;0;0.01;0.15;0;0.01;0.15;0.4
6.490097;0.01;0.15;0;0.01;0.15;0;0.01;0.15;0.4
6.500055;0.01;0.15;0;0.01;0.15;0;0.01;0.15;0.4
6.510099;0.01;0.15;0;0.01;0.15;0;0.01;0.15;0.4
6.520089;0.01;0.15;0;0.01;0.15;0;0.01;0.15;0.4
6.530108;0.01;0.15;0;0.01;0.15;0;0.01;0.15;0.4
6.540042;0.01;0.15;0;0.01;0.15;0;0.01;0.15;0.4
6.550002;0.01;0.15;0;0.01;0.15;0;0.01;0.15;0.4
6.560018;0.01;0.15;0;0.01;0.15;0;0.01;0.15;0.4
6.570014;0.01;0.15;0;0.01;0.15;0;0.01;0.15;0.4
6.580095;0.01;0.15;0;0.01;0.15;0;0.01;0.15;0.4
6.590048;0.01;0.15;0;0.01;0.15;0;0.01;0.15;0.4
6.600102;0.01;0.15;0;0.01;0.15;0;0.01;0.15;0.4
6.610042;0.01;0.15;0;0.01;0.15;0;0.01;0.15;0.4
6.620020;0.01;0.15;0;0.01;0.15;0;0.01;0.15;0.4
6.630106;0.01;0.15;0;0.01;0.15;0;0.01;0.15;0.4
6.640095;0.01;0.15;0;0.01;0.15;0;0.01;0.15;0.4
6.650019;0.01;0.15;0;0.01;0.15;0;0.01;0.15;0.4
6.660085;0.01;0.15;0;0.01;0.15;0;0.01;0.15;0.4
6.670028;0.01;0.15;0;0.01;0.15;0;0.01;0.15;0.4
6.680048;0.01;0.15;0;0.01;0.15;0;0.01;0.15;0.4
6.690037;0.01;0.15;0;0.01;0.15;0;0.01;0.15;0.4
6.700008;0.01;0.15;0;0.01;0.15;0;0.01;0.15;0.4
6.710057;0.01;0.15;0;0.01;0.15;0;0.01;0.15;0.4
6.720007;0.01;0.15;0;0.01;0.15;0;0.01;0.15;0.4
6.730068;0.01;0.15;0;0.01;0.15;0;0.01;0.15;0.4
6.740087;0.01;0.15;0;0.01;0.15;0;0.01;0.15;0.4
6.750076;0.01;0.15;0;0.01;0.15;0;0.01;0.15;0.4
6.760026;0.01;0.15;0;0.01;0.15;0;0.01;0.15;0.4
6.770081;0.01;0.15;0;0.01;0.15;0;0.01;0.15;0.4
6.780071;0.01;0.15;0;0.01;0.15;0;0.01;0.15;0.4
6.790105;0.01;0.15;0;0.01;0.15;0;0.01;0.15;0.4
6.800110;0.01;0.15;0;0.01;0.15;0;0.01;0.15;0.4
6.810043;0.01;0.15;0;0.01;0.15;0;0.01;0.15;0.4
6.820018;0.01;0.15;0;0.01;0.15;0;0.01;0.15;0.4
6.830101;0.01;0.15;0;0.01;0.15;0;0.01;0.15;0.4
6.840096;0.01;0.15;0;0.01;0.15;0;0.01;0.15;0.4
6.850114;0.01;0.15;0;0.01;0.15;0;0.01;0.15;0.4
6.860011;0.01;0.15;0;0.01;0.15;0;0.01;0.15;0.4
6.870041;0.01;0.15;0;0.01;0.15;0;0.01;0.15;0.4
6.880024;0.01;0.15;0;0.01;0.15;0;0.01;0.15;0.4
6.890109;0.01;0.15;0;0.01;0.15;0;0.01;0.15;0.4
6.900070;0.01;0.15;0;0.01;0.15;0;0.01;0.15;0.4
6.910113;0.01;0.15;0;0.01;0.15;0;0.01;0.15;0.4
6.920031;0.01;0.15;0;0.01;0.15;0;0.01;0.15;0.4
6.930081;0.01;0.15;0;0.01;0.15;0;0.01;0.15;0.4
6.940070;0.01;0.15;0;0.01;0.15;0;0.01;0.15;0.4
6.950043;0.01;0.15;0;0.01;0.15;0;0.01;0.15;0.4
6.960012;0.01;0.15;0;0.01;0.15;0;0.01;0.15;0.4
6.970061;0.01;0.15;0;0.01;0.15;0;0.01;0.15;0.4
6.980054;0.01;0.15;0;0.01;0.15;0;0.01;0.15;0.4
6.990064;0.01;0.15;0;0.01;0.15;0;0.01;0.15;0.4
7.000046;0.01;0.15;0;0.01;0.15;0;0.01;0.15;0.4
7.010069;0.01;0.15;0;0.01;0.15;0;0.01;0.15;0.4
7.020062;0.01;0.15;0;0.01;0.15;0;0.01;0.15;0.4
7.030005;0.01;0.15;0;0.01;0.15;0;0.01;0.15;0.4
7.040044;0.01;0.15;0;0.01;0.15;0;0.01;0.15;0.4
7.050000;0.01;0.15;0;0.01;0.15;0;0.01;0.15;0.4
7.060084;0.01;0.15;0;0.01;0.15;0;0.01;0.15;0.4
7.070084;0.01;0.15;0;0.01;0.15;0;0.01;0.15;0.4
7.080100;0.01;0.15;0;0.01;0.15;0;0.01;0.15;0.4
7.090061;0.01;0.15;0;0.01;0.15;0;0.01;0.15;0.4
7.100096;0.01;0.15;0;0.01;0.15;0;0.01;0.15;0.4
7.110069;0.01;0.15;0;0.01;0.15;0;0.01;0.15;0.4
7.120111;0.01;0.15;0;0.01;0.15;0;0.01;0.15;0.4
7.130069;0.01;0.15;0;0.01;0.15;0;0.01;0.15;0.4
7.140055;0.01;0.15;0;0.01;0.15;0;0.01;0.15;0.4
7.150000;0.01;0.15;0;0.01;0.15;0;0.01;0.15;0.4
7.160060;0.01;0.15;0;0.01;0.15;0;0.01;0.15;0.4
7.170105;0.01;0.15;0;0.01;0.15;0;0.01;0.15;0.4
7.180010;0.01;0.15;0;0.01;0.15;0;0.01;0.15;0.4
7.190001;0.01;0.15;0;0.01;0.15;0;0.01;0.15;0.4
7.200111;0.01;0.15;0;0.01;0.15;0;0.01;0.15;0.4
7.210106;0.01;0.15;0;0.01;0.15;0;0.01;0.15;0.4
7.220056;0.01;0.15;0;0.01;0.15;0;0.01;0.15;0.4
7.230041;0.01;0.15;0;0.01;0.15;0;0.01;0.15;0.4
7.240017;0.01;0.15;0;0.01;0.15;0;0.01;0.15;0.4
7.250087;0.01;0.15;0;0.01;0.15;0;0.01;0.15;0.4
7.260111;0.01;0.15;0;0.01;0.15;0;0.01;0.15;0.4
7.270094;0.01;0.15;0;0.01;0.15;0;0.01;0.15;0.4
7.280096;0.01;0.15;0;0.01;0.15;0;0.01;0.15;0.4
7.290072;0.01;0.15;0;0.01;0.15;0;0.01;0.15;0.4
7.300067;0.01;0.15;0;0.01;0.15;0;0.01;0.15;0.4
7.310046;0.01;0.15;0;0.01;0.15;0;0.01;0.15;0.4
7.320073;0.01;0.15;0;0.01;0.15;0;0.01;0.15;0.4
7.330017;0.01;0.15;0;0.01;0.15;0;0.01;0.15;0.4
7.340075;0.01;0.15;0;0.01;0.15;0;0.01;0.15;0.4
7.350044;0.01;0.15;0;0.01;0.15;0;0.01;0.15;0.4
7.360072;0.01;0.15;0;0.01;0.15;0;0.01;0.15;0.4
7.370096;0.01;0.15;0;0.01;0.15;0;0.01;0.15;0.4
7.380108;0.01;0.15;0;0.01;0.15;0;0.01;0.15;0.4
7.390104;0.01;0.15;0;0.01;0.15;0;0.01;0.15;0.4
7.400023;0.01;0.15;0;0.01;0.15;0;0.01;0.15;0.4
7.410078;0.01;0.15;0;0.01;0.15;0;0.01;0.15;0.4
7.420110;0.01;0.15;0;0.01;0.15;0;0.01;0.15;0.4
7.430067;0.01;0.15;0;0.01;0.15;0;0.01;0.15;0.4
7.440075;0.01;0.15;0;0.01;0.15;0;0.01;0.15;0.4
7.450078;0.01;0.15;0;0.01;0.15;0;0.01;0.15;0.4
7.460116;0.01;0.15;0;0.01;0.15;0;0.01;0.15;0.4
7.470009;0.01;0.15;0;0.01;0.15;0;0.01;0.15;0.4
7.480024;0.01;0.15;0;0.01;0.15;0;0.01;0.15;0.4
7.490021;0.01;0.15;0;0.01;0.15;0;0.01;0.15;0.4
7.500104;0.01;0.15;0;0.01;0.15;0;0.01;0.15;0.4
7.510026;0.01;0.15;0;0.01;0.15;0;0.01;0.15;0.4
7.520051;0.01;0.15;0;0.01;0.15;0;0.01;0.15;0.4
7.530065;0.01;0.15;0;0.01;0.15;0;0.01;0.15;0.4
7.540104;0.01;0.15;0;0.01;0.15;0;0.01;0.15;0.4
7.550023;0.01;0.15;0;0.01;0.15;0;0.01;0.15;0.4
7.560032;0.01;0.15;0;0.01;0.15;0;0.01;0.15;0.4
7.570113;0.01;0.15;0;0.01;0.15;0;0.01;0.15;0.4
7.580069;0.01;0.15;0;0.01;0.15;0;0.01;0.15;0.4
7.590034;0.01;0.15;0;0.01;0.15;0;0.01;0.15;0.4
7.600039;0.01;0.15;0;0.01;0.15;0;0.01;0.15;0.4
7.610055;0.01;0.15;0;0.01;0.15;0;0.01;0.15;0.4
7.620060;0.01;0.15;0;0.01;0.15;0;0.01;0.15;0.4
7.630098;0.01;0.15;0;0.01;0.15;0;0.01;0.15;0.4
7.640076;0.01;0.15;0;0.01;0.15;0;0.01;0.15;0.4
7.650115;0.01;0.15;0;0.01;0.15;0;0.01;0.15;0.4
7.660049;0.01;0.15;0;0.01;0.15;0;0.01;0.15;0.4
7.670011;0.01;0.15;0;0.01;0.15;0;0.01;0.15;0.4
7.680013;0.01;0.15;0;0.01;0.15;0;0.01;0.15;0.4
7.690044;0.01;0.15;0;0.01;0.15;0;0.01;0.15;0.4
7.700005;0.01;0.15;0;0.01;0.15;0;0.01;0.15;0.4
7.710022;0.01;0.15;0;0.01;0.15;0;0.01;0.15;0.4
7.720108;0.01;0.15;0;0.01;0.15;0;0.01;0.15;0.4
7.730000;0.01;0.15;0;0.01;0.15;0;0.01;0.15;0.4
7.740033;0.01;0.15;0;0.01;0.15;0;0.01;0.15;0.4
7.750064;0.01;0.15;0;0.01;0.15;0;0.01;0.15;0.4
7.760091;0.01;0.15;0;0.01;0.15;0;0.01;0.15;0.4
7.770083;0.01;0.15;0;0.01;0.15;0;0.01;0.15;0.4
7.780047;0.01;0.15;0;0.01;0.15;0;0.01;0.15;0.4
7.790066;0.01;0.15;0;0.01;0.15;0;0.01;0.15;0.4
7.800002;0.01;0.15;0;0.01;0.15;0;0.01;0.15;0.4
7.810027;0.01;0.15;0;0.01;0.15;0;0.01;0.15;0.4
7.820094;0.01;0.15;0;0.01;0.15;0;0.01;0.15;0.4
7.830111;0.01;0.15;0;0.01;0.15;0;0.01;0.15;0.4
7.840103;0.01;0.15;0;0.01;0.15;0;0.01;0.15;0.4
7.850025;0.01;0.15;0;0.01;0.15;0;0.01;0.15;0.4
7.860061;0.01;0.15;0;0.01;0.15;0;0.01;0.15;0.4
7.870060;0.01;0.15;0;0.01;0.15;0;0.01;0.15;0.4
7.880068;0.01;0.15;0;0.01;0.15;0;0.01;0.15;0.4
7.890044;0.01;0.15;0;0.01;0.15;0;0.01;0.15;0.4
7.900061;0.01;0.15;0;0.01;0.15;0;0.01;0.15;0.4
7.910035;0.01;0.15;0;0.01;0.15;0;0.01;0.15;0.4
7.920054;0.01;0.15;0;0.01;0.15;0;0.01;0.15;0.4
7.930084;0.01;0.15;0;0.01;0.15;0;0.01;0.15;0.4
7.940068;0.01;0.15;0;0.01;0.15;0;0.01;0.15;0.4
7.950036;0.01;0.15;0;0.01;0.15;0;0.01;0.15;0.4
7.960098;0.01;0.15;0;0.01;0.15;0;0.01;0.15;0.4
7.970064;0.01;0.15;0;0.01;0.15;0;0.01;0.15;0.4
7.980087;0.01;0.15;0;0.01;0.15;0;0.01;0.15;0.4
7.990054;0.01;0.15;0;0.01;0.15;0;0.01;0.15;0.4
